MoleculeId,PredictedProbability,,,Pred_bm
1,0.858294,,,1
2,0.867819,,,1
3,0.184781,,,0
4,0.831901,,,1
5,0.190208,,,0
6,0.277059,,,0
7,0.858669,,,1
8,0.705723,,,1
9,0.797291,,,1
10,0.559538,,,1
11,0.396203,,,0
12,0.523178,,,1
13,0.800904,,,1
14,0.774051,,,1
15,0.481567,,,0
16,0.268098,,,0
17,0.267182,,,0
18,0.103005,,,0
19,0.363607,,,0
20,0.712337,,,1
21,0.152377,,,0
22,0.843658,,,1
23,0.479414,,,0
24,0.928169,,,1
25,0.951711,,,1
26,0.643005,,,1
27,0.314549,,,0
28,0.42669,,,0
29,0.147888,,,0
30,0.331159,,,0
31,0.192512,,,0
32,0.1146,,,0
33,0.839958,,,1
34,0.193933,,,0
35,0.212265,,,0
36,0.815453,,,1
37,0.643015,,,1
38,0.702803,,,1
39,0.90079,,,1
40,0.934616,,,1
41,0.437725,,,0
42,0.24476,,,0
43,0.862714,,,1
44,0.923595,,,1
45,0.120807,,,0
46,0.452887,,,0
47,0.7664,,,1
48,0.630958,,,1
49,0.927414,,,1
50,0.413408,,,0
51,0.788208,,,1
52,0.138412,,,0
53,0.894811,,,1
54,0.12591,,,0
55,0.193068,,,0
56,0.914947,,,1
57,0.916744,,,1
58,0.858497,,,1
59,0.946052,,,1
60,0.684559,,,1
61,0.670883,,,1
62,0.60159,,,1
63,0.152143,,,0
64,0.130831,,,0
65,0.262881,,,0
66,0.363725,,,0
67,0.590243,,,1
68,0.158226,,,0
69,0.322012,,,0
70,0.314902,,,0
71,0.691618,,,1
72,0.298946,,,0
73,0.796279,,,1
74,0.887208,,,1
75,0.659864,,,1
76,0.10404,,,0
77,0.948288,,,1
78,0.5,,,1
79,0.833872,,,1
80,0.257985,,,0
81,0.540159,,,1
82,0.561178,,,1
83,0.187161,,,0
84,0.157006,,,0
85,0.34486,,,0
86,0.56897,,,1
87,0.524754,,,1
88,0.69001,,,1
89,0.82721,,,1
90,0.4347,,,0
91,0.842105,,,1
92,0.407294,,,0
93,0.339692,,,0
94,0.191436,,,0
95,0.290481,,,0
96,0.30032,,,0
97,0.741679,,,1
98,0.378535,,,0
99,0.904614,,,1
100,0.839253,,,1
101,0.434196,,,0
102,0.776954,,,1
103,0.919377,,,1
104,0.522947,,,1
105,0.486387,,,0
106,0.176824,,,0
107,0.708816,,,1
108,0.601009,,,1
109,0.901804,,,1
110,0.126406,,,0
111,0.423619,,,0
112,0.721974,,,1
113,0.219383,,,0
114,0.873974,,,1
115,0.900825,,,1
116,0.195675,,,0
117,0.598559,,,1
118,0.227005,,,0
119,0.889193,,,1
120,0.157168,,,0
121,0.269081,,,0
122,0.139832,,,0
123,0.5169,,,1
124,0.282647,,,0
125,0.454623,,,0
126,0.090131,,,0
127,0.477728,,,0
128,0.757126,,,1
129,0.374818,,,0
130,0.305572,,,0
131,0.1634,,,0
132,0.217475,,,0
133,0.167847,,,0
134,0.923172,,,1
135,0.252772,,,0
136,0.950442,,,1
137,0.265672,,,0
138,0.761193,,,1
139,0.76833,,,1
140,0.670421,,,1
141,0.850633,,,1
142,0.884187,,,1
143,0.566119,,,1
144,0.315059,,,0
145,0.816076,,,1
146,0.131583,,,0
147,0.493918,,,0
148,0.632148,,,1
149,0.769864,,,1
150,0.289398,,,0
151,0.137163,,,0
152,0.655592,,,1
153,0.549755,,,1
154,0.810178,,,1
155,0.940198,,,1
156,0.579547,,,1
157,0.537531,,,1
158,0.894327,,,1
159,0.774789,,,1
160,0.120566,,,0
161,0.579829,,,1
162,0.52483,,,1
163,0.134588,,,0
164,0.899549,,,1
165,0.862835,,,1
166,0.217319,,,0
167,0.58212,,,1
168,0.600405,,,1
169,0.35522,,,0
170,0.8982,,,1
171,0.914461,,,1
172,0.818096,,,1
173,0.215834,,,0
174,0.799582,,,1
175,0.202799,,,0
176,0.693351,,,1
177,0.159771,,,0
178,0.177307,,,0
179,0.57019,,,1
180,0.307256,,,0
181,0.538271,,,1
182,0.643689,,,1
183,0.384673,,,0
184,0.139242,,,0
185,0.932439,,,1
186,0.379038,,,0
187,0.945705,,,1
188,0.382668,,,0
189,0.939205,,,1
190,0.844219,,,1
191,0.159425,,,0
192,0.861195,,,1
193,0.198121,,,0
194,0.768507,,,1
195,0.948421,,,1
196,0.359015,,,0
197,0.936198,,,1
198,0.893845,,,1
199,0.64735,,,1
200,0.521958,,,1
201,0.76518,,,1
202,0.24602,,,0
203,0.545502,,,1
204,0.432088,,,0
205,0.901173,,,1
206,0.578657,,,1
207,0.384712,,,0
208,0.936069,,,1
209,0.671117,,,1
210,0.21153,,,0
211,0.895559,,,1
212,0.854588,,,1
213,0.876366,,,1
214,0.162422,,,0
215,0.876932,,,1
216,0.747073,,,1
217,0.851703,,,1
218,0.554548,,,1
219,0.908379,,,1
220,0.387489,,,0
221,0.696477,,,1
222,0.128736,,,0
223,0.188116,,,0
224,0.825324,,,1
225,0.722072,,,1
226,0.474551,,,0
227,0.273837,,,0
228,0.904367,,,1
229,0.218844,,,0
230,0.260057,,,0
231,0.383042,,,0
232,0.897636,,,1
233,0.346441,,,0
234,0.343243,,,0
235,0.778479,,,1
236,0.857452,,,1
237,0.441285,,,0
238,0.361194,,,0
239,0.541937,,,1
240,0.888522,,,1
241,0.155654,,,0
242,0.121688,,,0
243,0.21506,,,0
244,0.729153,,,1
245,0.738918,,,1
246,0.799544,,,1
247,0.176794,,,0
248,0.12205,,,0
249,0.877022,,,1
250,0.13489,,,0
251,0.880621,,,1
252,0.459912,,,0
253,0.122419,,,0
254,0.713035,,,1
255,0.791234,,,1
256,0.426031,,,0
257,0.163445,,,0
258,0.454051,,,0
259,0.379403,,,0
260,0.266701,,,0
261,0.262072,,,0
262,0.233499,,,0
263,0.66114,,,1
264,0.461802,,,0
265,0.159963,,,0
266,0.768528,,,1
267,0.449691,,,0
268,0.329599,,,0
269,0.762363,,,1
270,0.609145,,,1
271,0.89172,,,1
272,0.885773,,,1
273,0.785425,,,1
274,0.71599,,,1
275,0.260874,,,0
276,0.293394,,,0
277,0.788115,,,1
278,0.510777,,,1
279,0.765322,,,1
280,0.301074,,,0
281,0.225014,,,0
282,0.768548,,,1
283,0.535163,,,1
284,0.145857,,,0
285,0.342201,,,0
286,0.847918,,,1
287,0.81403,,,1
288,0.368159,,,0
289,0.923458,,,1
290,0.313755,,,0
291,0.20263,,,0
292,0.194835,,,0
293,0.744227,,,1
294,0.851406,,,1
295,0.091478,,,0
296,0.625851,,,1
297,0.118236,,,0
298,0.521004,,,1
299,0.888109,,,1
300,0.861331,,,1
301,0.796845,,,1
302,0.193969,,,0
303,0.538189,,,1
304,0.856129,,,1
305,0.949482,,,1
306,0.815499,,,1
307,0.104052,,,0
308,0.903718,,,1
309,0.743648,,,1
310,0.856021,,,1
311,0.907438,,,1
312,0.385723,,,0
313,0.827363,,,1
314,0.131845,,,0
315,0.85189,,,1
316,0.261916,,,0
317,0.941937,,,1
318,0.361033,,,0
319,0.264217,,,0
320,0.199701,,,0
321,0.435296,,,0
322,0.760836,,,1
323,0.740144,,,1
324,0.323249,,,0
325,0.217345,,,0
326,0.945204,,,1
327,0.923289,,,1
328,0.940396,,,1
329,0.261356,,,0
330,0.792174,,,1
331,0.827009,,,1
332,0.829319,,,1
333,0.643373,,,1
334,0.391862,,,0
335,0.308645,,,0
336,0.747429,,,1
337,0.712855,,,1
338,0.143046,,,0
339,0.085401,,,0
340,0.866438,,,1
341,0.778148,,,1
342,0.850197,,,1
343,0.08502,,,0
344,0.436,,,0
345,0.93819,,,1
346,0.938894,,,1
347,0.418982,,,0
348,0.329897,,,0
349,0.362319,,,0
350,0.752146,,,1
351,0.336562,,,0
352,0.763018,,,1
353,0.881845,,,1
354,0.148918,,,0
355,0.546259,,,1
356,0.635173,,,1
357,0.896691,,,1
358,0.218991,,,0
359,0.162693,,,0
360,0.53251,,,1
361,0.856529,,,1
362,0.596268,,,1
363,0.774317,,,1
364,0.595587,,,1
365,0.769959,,,1
366,0.856613,,,1
367,0.621989,,,1
368,0.315299,,,0
369,0.167693,,,0
370,0.277784,,,0
371,0.511452,,,1
372,0.217259,,,0
373,0.681435,,,1
374,0.132512,,,0
375,0.726701,,,1
376,0.765215,,,1
377,0.771777,,,1
378,0.75232,,,1
379,0.80365,,,1
380,0.290521,,,0
381,0.945197,,,1
382,0.876711,,,1
383,0.863245,,,1
384,0.426192,,,0
385,0.858499,,,1
386,0.856886,,,1
387,0.209243,,,0
388,0.107182,,,0
389,0.125645,,,0
390,0.93332,,,1
391,0.194338,,,0
392,0.794637,,,1
393,0.772098,,,1
394,0.519011,,,1
395,0.940014,,,1
396,0.139812,,,0
397,0.287338,,,0
398,0.154434,,,0
399,0.422058,,,0
400,0.853681,,,1
401,0.89907,,,1
402,0.641094,,,1
403,0.144756,,,0
404,0.736469,,,1
405,0.475192,,,0
406,0.163753,,,0
407,0.950295,,,1
408,0.513293,,,1
409,0.13114,,,0
410,0.751375,,,1
411,0.757316,,,1
412,0.940528,,,1
413,0.857728,,,1
414,0.313374,,,0
415,0.345651,,,0
416,0.857543,,,1
417,0.583504,,,1
418,0.946994,,,1
419,0.359934,,,0
420,0.366854,,,0
421,0.391681,,,0
422,0.454562,,,0
423,0.681091,,,1
424,0.646634,,,1
425,0.722769,,,1
426,0.124807,,,0
427,0.809717,,,1
428,0.459029,,,0
429,0.762862,,,1
430,0.184944,,,0
431,0.472561,,,0
432,0.353075,,,0
433,0.21409,,,0
434,0.159658,,,0
435,0.686611,,,1
436,0.111272,,,0
437,0.566323,,,1
438,0.746326,,,1
439,0.105416,,,0
440,0.166228,,,0
441,0.5,,,1
442,0.637208,,,1
443,0.876202,,,1
444,0.111368,,,0
445,0.607153,,,1
446,0.807698,,,1
447,0.215908,,,0
448,0.20481,,,0
449,0.124757,,,0
450,0.731276,,,1
451,0.827528,,,1
452,0.753385,,,1
453,0.32123,,,0
454,0.771223,,,1
455,0.670316,,,1
456,0.460634,,,0
457,0.35004,,,0
458,0.356943,,,0
459,0.139401,,,0
460,0.828745,,,1
461,0.08605,,,0
462,0.938963,,,1
463,0.784997,,,1
464,0.633831,,,1
465,0.334016,,,0
466,0.462011,,,0
467,0.268064,,,0
468,0.775731,,,1
469,0.698003,,,1
470,0.289155,,,0
471,0.118941,,,0
472,0.949867,,,1
473,0.293634,,,0
474,0.303179,,,0
475,0.321146,,,0
476,0.178863,,,0
477,0.870171,,,1
478,0.191077,,,0
479,0.448947,,,0
480,0.15837,,,0
481,0.623473,,,1
482,0.551105,,,1
483,0.759737,,,1
484,0.741407,,,1
485,0.184811,,,0
486,0.891874,,,1
487,0.444011,,,0
488,0.305414,,,0
489,0.403774,,,0
490,0.783188,,,1
491,0.659667,,,1
492,0.694616,,,1
493,0.784867,,,1
494,0.810886,,,1
495,0.536359,,,1
496,0.743043,,,1
497,0.672554,,,1
498,0.27024,,,0
499,0.177695,,,0
500,0.177265,,,0
501,0.944998,,,1
502,0.5,,,1
503,0.628664,,,1
504,0.186803,,,0
505,0.857611,,,1
506,0.715403,,,1
507,0.261536,,,0
508,0.371135,,,0
509,0.812491,,,1
510,0.222778,,,0
511,0.834491,,,1
512,0.437529,,,0
513,0.477766,,,0
514,0.887014,,,1
515,0.891489,,,1
516,0.380277,,,0
517,0.510552,,,1
518,0.130573,,,0
519,0.320373,,,0
520,0.922326,,,1
521,0.430874,,,0
522,0.346678,,,0
523,0.932031,,,1
524,0.44622,,,0
525,0.805046,,,1
526,0.190246,,,0
527,0.675934,,,1
528,0.768295,,,1
529,0.264216,,,0
530,0.212757,,,0
531,0.788288,,,1
532,0.131702,,,0
533,0.751712,,,1
534,0.158917,,,0
535,0.239277,,,0
536,0.106576,,,0
537,0.932486,,,1
538,0.334137,,,0
539,0.937926,,,1
540,0.370408,,,0
541,0.231744,,,0
542,0.230359,,,0
543,0.38003,,,0
544,0.474277,,,0
545,0.622956,,,1
546,0.678399,,,1
547,0.931608,,,1
548,0.591389,,,1
549,0.829751,,,1
550,0.934938,,,1
551,0.651855,,,1
552,0.344742,,,0
553,0.187698,,,0
554,0.388951,,,0
555,0.146081,,,0
556,0.711156,,,1
557,0.336827,,,0
558,0.592847,,,1
559,0.649298,,,1
560,0.817388,,,1
561,0.778613,,,1
562,0.881461,,,1
563,0.42478,,,0
564,0.274081,,,0
565,0.238591,,,0
566,0.182031,,,0
567,0.390349,,,0
568,0.772261,,,1
569,0.807564,,,1
570,0.270024,,,0
571,0.733531,,,1
572,0.892148,,,1
573,0.130327,,,0
574,0.878732,,,1
575,0.457722,,,0
576,0.512535,,,1
577,0.821619,,,1
578,0.313796,,,0
579,0.523395,,,1
580,0.336996,,,0
581,0.448049,,,0
582,0.774928,,,1
583,0.153884,,,0
584,0.826,,,1
585,0.7798,,,1
586,0.335914,,,0
587,0.950418,,,1
588,0.206451,,,0
589,0.165129,,,0
590,0.834562,,,1
591,0.80192,,,1
592,0.08103,,,0
593,0.904731,,,1
594,0.944572,,,1
595,0.714582,,,1
596,0.224001,,,0
597,0.118526,,,0
598,0.837428,,,1
599,0.966651,,,1
600,0.518069,,,1
601,0.124188,,,0
602,0.238223,,,0
603,0.816122,,,1
604,0.768708,,,1
605,0.704245,,,1
606,0.247571,,,0
607,0.883039,,,1
608,0.170383,,,0
609,0.091267,,,0
610,0.425941,,,0
611,0.752298,,,1
612,0.764189,,,1
613,0.482581,,,0
614,0.532717,,,1
615,0.770005,,,1
616,0.551964,,,1
617,0.748158,,,1
618,0.876558,,,1
619,0.126745,,,0
620,0.726942,,,1
621,0.800696,,,1
622,0.4665,,,0
623,0.728849,,,1
624,0.178143,,,0
625,0.157054,,,0
626,0.91771,,,1
627,0.199555,,,0
628,0.705284,,,1
629,0.175607,,,0
630,0.181478,,,0
631,0.117337,,,0
632,0.51443,,,1
633,0.7741,,,1
634,0.547041,,,1
635,0.85381,,,1
636,0.882725,,,1
637,0.871203,,,1
638,0.486347,,,0
639,0.887065,,,1
640,0.572489,,,1
641,0.466821,,,0
642,0.614699,,,1
643,0.165283,,,0
644,0.160564,,,0
645,0.374169,,,0
646,0.61545,,,1
647,0.225929,,,0
648,0.980733,,,1
649,0.5,,,1
650,0.578256,,,1
651,0.810687,,,1
652,0.471396,,,0
653,0.178904,,,0
654,0.188779,,,0
655,0.265232,,,0
656,0.756844,,,1
657,0.726561,,,1
658,0.443822,,,0
659,0.329053,,,0
660,0.13022,,,0
661,0.233958,,,0
662,0.681401,,,1
663,0.20396,,,0
664,0.784385,,,1
665,0.914076,,,1
666,0.798258,,,1
667,0.313516,,,0
668,0.834011,,,1
669,0.342393,,,0
670,0.61677,,,1
671,0.291022,,,0
672,0.912851,,,1
673,0.844517,,,1
674,0.757787,,,1
675,0.610498,,,1
676,0.146799,,,0
677,0.140368,,,0
678,0.641155,,,1
679,0.855827,,,1
680,0.113661,,,0
681,0.333919,,,0
682,0.848595,,,1
683,0.350691,,,0
684,0.645686,,,1
685,0.906543,,,1
686,0.29363,,,0
687,0.414229,,,0
688,0.542777,,,1
689,0.144206,,,0
690,0.626046,,,1
691,0.577611,,,1
692,0.758263,,,1
693,0.43655,,,0
694,0.881019,,,1
695,0.106382,,,0
696,0.394186,,,0
697,0.892708,,,1
698,0.489442,,,0
699,0.846135,,,1
700,0.844201,,,1
701,0.355336,,,0
702,0.241076,,,0
703,0.729445,,,1
704,0.951983,,,1
705,0.896289,,,1
706,0.453121,,,0
707,0.869514,,,1
708,0.724253,,,1
709,0.856009,,,1
710,0.912837,,,1
711,0.135368,,,0
712,0.64641,,,1
713,0.43177,,,0
714,0.349352,,,0
715,0.826334,,,1
716,0.473362,,,0
717,0.355197,,,0
718,0.802954,,,1
719,0.90158,,,1
720,0.654009,,,1
721,0.943431,,,1
722,0.556193,,,1
723,0.319768,,,0
724,0.349191,,,0
725,0.58538,,,1
726,0.115064,,,0
727,0.152038,,,0
728,0.154286,,,0
729,0.145958,,,0
730,0.580977,,,1
731,0.58746,,,1
732,0.881975,,,1
733,0.857625,,,1
734,0.083016,,,0
735,0.148728,,,0
736,0.284825,,,0
737,0.133608,,,0
738,0.233108,,,0
739,0.873578,,,1
740,0.848444,,,1
741,0.809937,,,1
742,0.623039,,,1
743,0.183528,,,0
744,0.777796,,,1
745,0.347456,,,0
746,0.136802,,,0
747,0.278895,,,0
748,0.665045,,,1
749,0.783907,,,1
750,0.678377,,,1
751,0.177819,,,0
752,0.852113,,,1
753,0.898052,,,1
754,0.596932,,,1
755,0.837931,,,1
756,0.371292,,,0
757,0.683674,,,1
758,0.400508,,,0
759,0.775818,,,1
760,0.708692,,,1
761,0.868058,,,1
762,0.596359,,,1
763,0.931624,,,1
764,0.487544,,,0
765,0.817499,,,1
766,0.729213,,,1
767,0.706709,,,1
768,0.838785,,,1
769,0.630522,,,1
770,0.755722,,,1
771,0.117384,,,0
772,0.486097,,,0
773,0.291549,,,0
774,0.165214,,,0
775,0.80219,,,1
776,0.808006,,,1
777,0.455481,,,0
778,0.285205,,,0
779,0.191294,,,0
780,0.863243,,,1
781,0.858882,,,1
782,0.858846,,,1
783,0.107548,,,0
784,0.843955,,,1
785,0.13305,,,0
786,0.969828,,,1
787,0.558145,,,1
788,0.645255,,,1
789,0.313441,,,0
790,0.114074,,,0
791,0.1949,,,0
792,0.081372,,,0
793,0.644423,,,1
794,0.191124,,,0
795,0.68285,,,1
796,0.920737,,,1
797,0.816404,,,1
798,0.737903,,,1
799,0.614551,,,1
800,0.888802,,,1
801,0.20221,,,0
802,0.695103,,,1
803,0.600017,,,1
804,0.836172,,,1
805,0.960441,,,1
806,0.598042,,,1
807,0.684137,,,1
808,0.290154,,,0
809,0.168198,,,0
810,0.275918,,,0
811,0.760667,,,1
812,0.732855,,,1
813,0.806745,,,1
814,0.937205,,,1
815,0.096138,,,0
816,0.705027,,,1
817,0.209505,,,0
818,0.768724,,,1
819,0.47723,,,0
820,0.772656,,,1
821,0.167639,,,0
822,0.431721,,,0
823,0.090174,,,0
824,0.096606,,,0
825,0.234458,,,0
826,0.952057,,,1
827,0.5,,,1
828,0.79858,,,1
829,0.441035,,,0
830,0.878759,,,1
831,0.776022,,,1
832,0.835192,,,1
833,0.132836,,,0
834,0.889674,,,1
835,0.314779,,,0
836,0.350192,,,0
837,0.731397,,,1
838,0.348548,,,0
839,0.753932,,,1
840,0.663919,,,1
841,0.666833,,,1
842,0.134236,,,0
843,0.156329,,,0
844,0.10362,,,0
845,0.834425,,,1
846,0.723123,,,1
847,0.753111,,,1
848,0.522947,,,1
849,0.202764,,,0
850,0.392282,,,0
851,0.794895,,,1
852,0.816815,,,1
853,0.86752,,,1
854,0.139597,,,0
855,0.783509,,,1
856,0.683218,,,1
857,0.344665,,,0
858,0.879115,,,1
859,0.292401,,,0
860,0.140674,,,0
861,0.822978,,,1
862,0.808995,,,1
863,0.645617,,,1
864,0.68915,,,1
865,0.30451,,,0
866,0.322874,,,0
867,0.814992,,,1
868,0.621352,,,1
869,0.890966,,,1
870,0.567944,,,1
871,0.382263,,,0
872,0.661038,,,1
873,0.692033,,,1
874,0.266568,,,0
875,0.770051,,,1
876,0.688711,,,1
877,0.290608,,,0
878,0.726651,,,1
879,0.45426,,,0
880,0.271752,,,0
881,0.754859,,,1
882,0.626224,,,1
883,0.899129,,,1
884,0.143273,,,0
885,0.137234,,,0
886,0.211452,,,0
887,0.760646,,,1
888,0.343118,,,0
889,0.159404,,,0
890,0.537005,,,1
891,0.751573,,,1
892,0.708022,,,1
893,0.774822,,,1
894,0.228277,,,0
895,0.666783,,,1
896,0.83844,,,1
897,0.743958,,,1
898,0.551663,,,1
899,0.180805,,,0
900,0.880929,,,1
901,0.100673,,,0
902,0.336628,,,0
903,0.140062,,,0
904,0.90183,,,1
905,0.941178,,,1
906,0.366256,,,0
907,0.47786,,,0
908,0.789029,,,1
909,0.860859,,,1
910,0.190667,,,0
911,0.746222,,,1
912,0.652383,,,1
913,0.895037,,,1
914,0.765854,,,1
915,0.933264,,,1
916,0.79281,,,1
917,0.198371,,,0
918,0.332754,,,0
919,0.583179,,,1
920,0.257079,,,0
921,0.586712,,,1
922,0.893503,,,1
923,0.195295,,,0
924,0.636896,,,1
925,0.889069,,,1
926,0.361834,,,0
927,0.366479,,,0
928,0.487556,,,0
929,0.110091,,,0
930,0.873462,,,1
931,0.107195,,,0
932,0.306833,,,0
933,0.114659,,,0
934,0.884348,,,1
935,0.841043,,,1
936,0.103447,,,0
937,0.871919,,,1
938,0.674515,,,1
939,0.922184,,,1
940,0.165938,,,0
941,0.779186,,,1
942,0.702051,,,1
943,0.129174,,,0
944,0.506635,,,1
945,0.706042,,,1
946,0.706868,,,1
947,0.24328,,,0
948,0.790207,,,1
949,0.117761,,,0
950,0.613219,,,1
951,0.868341,,,1
952,0.437324,,,0
953,0.193194,,,0
954,0.113954,,,0
955,0.152795,,,0
956,0.149699,,,0
957,0.745038,,,1
958,0.264588,,,0
959,0.121254,,,0
960,0.462679,,,0
961,0.39902,,,0
962,0.916458,,,1
963,0.290091,,,0
964,0.867249,,,1
965,0.149522,,,0
966,0.825967,,,1
967,0.18733,,,0
968,0.535005,,,1
969,0.200017,,,0
970,0.159946,,,0
971,0.247818,,,0
972,0.233708,,,0
973,0.899926,,,1
974,0.654041,,,1
975,0.738454,,,1
976,0.644807,,,1
977,0.81761,,,1
978,0.269663,,,0
979,0.854401,,,1
980,0.386875,,,0
981,0.315425,,,0
982,0.133157,,,0
983,0.799047,,,1
984,0.921798,,,1
985,0.484553,,,0
986,0.12781,,,0
987,0.847379,,,1
988,0.802627,,,1
989,0.193085,,,0
990,0.674515,,,1
991,0.785254,,,1
992,0.172252,,,0
993,0.5,,,1
994,0.132022,,,0
995,0.47071,,,0
996,0.732007,,,1
997,0.5,,,1
998,0.166247,,,0
999,0.858967,,,1
1000,0.718956,,,1
1001,0.196848,,,0
1002,0.514944,,,1
1003,0.891242,,,1
1004,0.589573,,,1
1005,0.853192,,,1
1006,0.158944,,,0
1007,0.837022,,,1
1008,0.894964,,,1
1009,0.528199,,,1
1010,0.298829,,,0
1011,0.271917,,,0
1012,0.169833,,,0
1013,0.345778,,,0
1014,0.59272,,,1
1015,0.217632,,,0
1016,0.825292,,,1
1017,0.18101,,,0
1018,0.843109,,,1
1019,0.821658,,,1
1020,0.124905,,,0
1021,0.6463,,,1
1022,0.835466,,,1
1023,0.484198,,,0
1024,0.903625,,,1
1025,0.297504,,,0
1026,0.488177,,,0
1027,0.461415,,,0
1028,0.784642,,,1
1029,0.856772,,,1
1030,0.875909,,,1
1031,0.521685,,,1
1032,0.483273,,,0
1033,0.890724,,,1
1034,0.099692,,,0
1035,0.864724,,,1
1036,0.410234,,,0
1037,0.158832,,,0
1038,0.723068,,,1
1039,0.648254,,,1
1040,0.609224,,,1
1041,0.26869,,,0
1042,0.832964,,,1
1043,0.898503,,,1
1044,0.454962,,,0
1045,0.738042,,,1
1046,0.911682,,,1
1047,0.888582,,,1
1048,0.698869,,,1
1049,0.565444,,,1
1050,0.92853,,,1
1051,0.14668,,,0
1052,0.365754,,,0
1053,0.824483,,,1
1054,0.831223,,,1
1055,0.5,,,1
1056,0.835581,,,1
1057,0.274687,,,0
1058,0.865341,,,1
1059,0.284539,,,0
1060,0.5,,,1
1061,0.148726,,,0
1062,0.267186,,,0
1063,0.901163,,,1
1064,0.087685,,,0
1065,0.634346,,,1
1066,0.406672,,,0
1067,0.344457,,,0
1068,0.900865,,,1
1069,0.380276,,,0
1070,0.276093,,,0
1071,0.343582,,,0
1072,0.798622,,,1
1073,0.776198,,,1
1074,0.566577,,,1
1075,0.561612,,,1
1076,0.86434,,,1
1077,0.899562,,,1
1078,0.430732,,,0
1079,0.717255,,,1
1080,0.81444,,,1
1081,0.782422,,,1
1082,0.383243,,,0
1083,0.593467,,,1
1084,0.627285,,,1
1085,0.237698,,,0
1086,0.693012,,,1
1087,0.301128,,,0
1088,0.87188,,,1
1089,0.863515,,,1
1090,0.416887,,,0
1091,0.836456,,,1
1092,0.954447,,,1
1093,0.701955,,,1
1094,0.711415,,,1
1095,0.950422,,,1
1096,0.720484,,,1
1097,0.803034,,,1
1098,0.170156,,,0
1099,0.243569,,,0
1100,0.805559,,,1
1101,0.124991,,,0
1102,0.863271,,,1
1103,0.88352,,,1
1104,0.22342,,,0
1105,0.287624,,,0
1106,0.949788,,,1
1107,0.256363,,,0
1108,0.189741,,,0
1109,0.128286,,,0
1110,0.815212,,,1
1111,0.174374,,,0
1112,0.866181,,,1
1113,0.550593,,,1
1114,0.274667,,,0
1115,0.853513,,,1
1116,0.218886,,,0
1117,0.665324,,,1
1118,0.198051,,,0
1119,0.21581,,,0
1120,0.296151,,,0
1121,0.810155,,,1
1122,0.456679,,,0
1123,0.870014,,,1
1124,0.261449,,,0
1125,0.302944,,,0
1126,0.93242,,,1
1127,0.211415,,,0
1128,0.430803,,,0
1129,0.554635,,,1
1130,0.096235,,,0
1131,0.161667,,,0
1132,0.549353,,,1
1133,0.713109,,,1
1134,0.514858,,,1
1135,0.339558,,,0
1136,0.294273,,,0
1137,0.774407,,,1
1138,0.353508,,,0
1139,0.905149,,,1
1140,0.340243,,,0
1141,0.262992,,,0
1142,0.444213,,,0
1143,0.63192,,,1
1144,0.512466,,,1
1145,0.167092,,,0
1146,0.832918,,,1
1147,0.714268,,,1
1148,0.293261,,,0
1149,0.754349,,,1
1150,0.953715,,,1
1151,0.666705,,,1
1152,0.821891,,,1
1153,0.203127,,,0
1154,0.538864,,,1
1155,0.848278,,,1
1156,0.577215,,,1
1157,0.096182,,,0
1158,0.28329,,,0
1159,0.12348,,,0
1160,0.845645,,,1
1161,0.655838,,,1
1162,0.576072,,,1
1163,0.893967,,,1
1164,0.345196,,,0
1165,0.725827,,,1
1166,0.144084,,,0
1167,0.853183,,,1
1168,0.144392,,,0
1169,0.760679,,,1
1170,0.11465,,,0
1171,0.867218,,,1
1172,0.842357,,,1
1173,0.259674,,,0
1174,0.357823,,,0
1175,0.935948,,,1
1176,0.219623,,,0
1177,0.506111,,,1
1178,0.769104,,,1
1179,0.209438,,,0
1180,0.138423,,,0
1181,0.889483,,,1
1182,0.491663,,,0
1183,0.72184,,,1
1184,0.178134,,,0
1185,0.639501,,,1
1186,0.787768,,,1
1187,0.207902,,,0
1188,0.163098,,,0
1189,0.908781,,,1
1190,0.260531,,,0
1191,0.098191,,,0
1192,0.5,,,1
1193,0.895065,,,1
1194,0.494182,,,0
1195,0.789848,,,1
1196,0.09463,,,0
1197,0.904545,,,1
1198,0.756178,,,1
1199,0.87515,,,1
1200,0.428929,,,0
1201,0.824764,,,1
1202,0.913257,,,1
1203,0.774252,,,1
1204,0.632739,,,1
1205,0.445213,,,0
1206,0.842504,,,1
1207,0.417162,,,0
1208,0.833747,,,1
1209,0.135608,,,0
1210,0.951064,,,1
1211,0.268269,,,0
1212,0.537653,,,1
1213,0.329743,,,0
1214,0.316242,,,0
1215,0.74383,,,1
1216,0.593242,,,1
1217,0.474852,,,0
1218,0.743973,,,1
1219,0.678501,,,1
1220,0.805516,,,1
1221,0.805615,,,1
1222,0.94561,,,1
1223,0.536584,,,1
1224,0.800204,,,1
1225,0.727123,,,1
1226,0.622939,,,1
1227,0.737545,,,1
1228,0.686111,,,1
1229,0.968967,,,1
1230,0.723367,,,1
1231,0.870339,,,1
1232,0.5,,,1
1233,0.854035,,,1
1234,0.415103,,,0
1235,0.541704,,,1
1236,0.3854,,,0
1237,0.379567,,,0
1238,0.853743,,,1
1239,0.519448,,,1
1240,0.400668,,,0
1241,0.891605,,,1
1242,0.221299,,,0
1243,0.128929,,,0
1244,0.106378,,,0
1245,0.610624,,,1
1246,0.369766,,,0
1247,0.230181,,,0
1248,0.276239,,,0
1249,0.862748,,,1
1250,0.698365,,,1
1251,0.09531,,,0
1252,0.600296,,,1
1253,0.533122,,,1
1254,0.210119,,,0
1255,0.458706,,,0
1256,0.860498,,,1
1257,0.487387,,,0
1258,0.665298,,,1
1259,0.788918,,,1
1260,0.758597,,,1
1261,0.896002,,,1
1262,0.880696,,,1
1263,0.790474,,,1
1264,0.754205,,,1
1265,0.876417,,,1
1266,0.622395,,,1
1267,0.843561,,,1
1268,0.782342,,,1
1269,0.225968,,,0
1270,0.200124,,,0
1271,0.132785,,,0
1272,0.938064,,,1
1273,0.323029,,,0
1274,0.821997,,,1
1275,0.783475,,,1
1276,0.337197,,,0
1277,0.762122,,,1
1278,0.488537,,,0
1279,0.869472,,,1
1280,0.563528,,,1
1281,0.833405,,,1
1282,0.901792,,,1
1283,0.769389,,,1
1284,0.130342,,,0
1285,0.582538,,,1
1286,0.651554,,,1
1287,0.532471,,,1
1288,0.590012,,,1
1289,0.214562,,,0
1290,0.822302,,,1
1291,0.855016,,,1
1292,0.763825,,,1
1293,0.138619,,,0
1294,0.625941,,,1
1295,0.731907,,,1
1296,0.228778,,,0
1297,0.127396,,,0
1298,0.587946,,,1
1299,0.814258,,,1
1300,0.323152,,,0
1301,0.353304,,,0
1302,0.310324,,,0
1303,0.779756,,,1
1304,0.566462,,,1
1305,0.353172,,,0
1306,0.783344,,,1
1307,0.881645,,,1
1308,0.620239,,,1
1309,0.810336,,,1
1310,0.824366,,,1
1311,0.751253,,,1
1312,0.727364,,,1
1313,0.312037,,,0
1314,0.612631,,,1
1315,0.634181,,,1
1316,0.254804,,,0
1317,0.241876,,,0
1318,0.134983,,,0
1319,0.107586,,,0
1320,0.667,,,1
1321,0.68101,,,1
1322,0.277603,,,0
1323,0.229277,,,0
1324,0.872618,,,1
1325,0.48698,,,0
1326,0.884746,,,1
1327,0.444571,,,0
1328,0.136204,,,0
1329,0.59876,,,1
1330,0.819564,,,1
1331,0.268224,,,0
1332,0.822222,,,1
1333,0.915737,,,1
1334,0.196962,,,0
1335,0.580124,,,1
1336,0.800961,,,1
1337,0.196289,,,0
1338,0.393343,,,0
1339,0.352798,,,0
1340,0.2777,,,0
1341,0.895662,,,1
1342,0.949062,,,1
1343,0.893472,,,1
1344,0.842648,,,1
1345,0.919236,,,1
1346,0.755598,,,1
1347,0.5,,,1
1348,0.830784,,,1
1349,0.874703,,,1
1350,0.812276,,,1
1351,0.714757,,,1
1352,0.276856,,,0
1353,0.701825,,,1
1354,0.926833,,,1
1355,0.858639,,,1
1356,0.489296,,,0
1357,0.447041,,,0
1358,0.197237,,,0
1359,0.271244,,,0
1360,0.369116,,,0
1361,0.879425,,,1
1362,0.466461,,,0
1363,0.642482,,,1
1364,0.823443,,,1
1365,0.730336,,,1
1366,0.676867,,,1
1367,0.870729,,,1
1368,0.3311,,,0
1369,0.944289,,,1
1370,0.389864,,,0
1371,0.860692,,,1
1372,0.850869,,,1
1373,0.939228,,,1
1374,0.104898,,,0
1375,0.398807,,,0
1376,0.477879,,,0
1377,0.862874,,,1
1378,0.69897,,,1
1379,0.174191,,,0
1380,0.572879,,,1
1381,0.854119,,,1
1382,0.80064,,,1
1383,0.892243,,,1
1384,0.5,,,1
1385,0.124084,,,0
1386,0.81681,,,1
1387,0.864396,,,1
1388,0.620121,,,1
1389,0.208677,,,0
1390,0.818621,,,1
1391,0.575184,,,1
1392,0.819789,,,1
1393,0.841108,,,1
1394,0.873752,,,1
1395,0.297488,,,0
1396,0.5,,,1
1397,0.16251,,,0
1398,0.132365,,,0
1399,0.722647,,,1
1400,0.564226,,,1
1401,0.331481,,,0
1402,0.862446,,,1
1403,0.922703,,,1
1404,0.163631,,,0
1405,0.158391,,,0
1406,0.825023,,,1
1407,0.099973,,,0
1408,0.886184,,,1
1409,0.733331,,,1
1410,0.821861,,,1
1411,0.238015,,,0
1412,0.243373,,,0
1413,0.865698,,,1
1414,0.77917,,,1
1415,0.826937,,,1
1416,0.213635,,,0
1417,0.264476,,,0
1418,0.555132,,,1
1419,0.484777,,,0
1420,0.743946,,,1
1421,0.119967,,,0
1422,0.820411,,,1
1423,0.809674,,,1
1424,0.278409,,,0
1425,0.17835,,,0
1426,0.577674,,,1
1427,0.083529,,,0
1428,0.110178,,,0
1429,0.403426,,,0
1430,0.754017,,,1
1431,0.696547,,,1
1432,0.532696,,,1
1433,0.136209,,,0
1434,0.198978,,,0
1435,0.550736,,,1
1436,0.44659,,,0
1437,0.183306,,,0
1438,0.956031,,,1
1439,0.17532,,,0
1440,0.843962,,,1
1441,0.842988,,,1
1442,0.444457,,,0
1443,0.721483,,,1
1444,0.214682,,,0
1445,0.23787,,,0
1446,0.163201,,,0
1447,0.296965,,,0
1448,0.159133,,,0
1449,0.533859,,,1
1450,0.71086,,,1
1451,0.862209,,,1
1452,0.373401,,,0
1453,0.424802,,,0
1454,0.291612,,,0
1455,0.712002,,,1
1456,0.839524,,,1
1457,0.841497,,,1
1458,0.611938,,,1
1459,0.77496,,,1
1460,0.415435,,,0
1461,0.283653,,,0
1462,0.899198,,,1
1463,0.323257,,,0
1464,0.525579,,,1
1465,0.923524,,,1
1466,0.089255,,,0
1467,0.593723,,,1
1468,0.121933,,,0
1469,0.653853,,,1
1470,0.847569,,,1
1471,0.793047,,,1
1472,0.527233,,,1
1473,0.740721,,,1
1474,0.290612,,,0
1475,0.36227,,,0
1476,0.393498,,,0
1477,0.895004,,,1
1478,0.194344,,,0
1479,0.445135,,,0
1480,0.542909,,,1
1481,0.13284,,,0
1482,0.357525,,,0
1483,0.756422,,,1
1484,0.48146,,,0
1485,0.237794,,,0
1486,0.079806,,,0
1487,0.316369,,,0
1488,0.254793,,,0
1489,0.219111,,,0
1490,0.91465,,,1
1491,0.851576,,,1
1492,0.29001,,,0
1493,0.802369,,,1
1494,0.200867,,,0
1495,0.5,,,1
1496,0.843764,,,1
1497,0.373053,,,0
1498,0.902697,,,1
1499,0.17371,,,0
1500,0.830713,,,1
1501,0.296648,,,0
1502,0.541195,,,1
1503,0.664708,,,1
1504,0.538007,,,1
1505,0.481157,,,0
1506,0.134929,,,0
1507,0.572459,,,1
1508,0.798134,,,1
1509,0.739964,,,1
1510,0.862271,,,1
1511,0.827108,,,1
1512,0.53136,,,1
1513,0.831322,,,1
1514,0.63895,,,1
1515,0.166792,,,0
1516,0.133001,,,0
1517,0.368606,,,0
1518,0.702174,,,1
1519,0.580088,,,1
1520,0.130821,,,0
1521,0.191782,,,0
1522,0.874705,,,1
1523,0.234067,,,0
1524,0.112444,,,0
1525,0.868173,,,1
1526,0.103369,,,0
1527,0.461499,,,0
1528,0.651308,,,1
1529,0.894775,,,1
1530,0.385966,,,0
1531,0.691841,,,1
1532,0.644788,,,1
1533,0.789521,,,1
1534,0.200435,,,0
1535,0.887097,,,1
1536,0.475013,,,0
1537,0.447108,,,0
1538,0.21863,,,0
1539,0.699851,,,1
1540,0.823564,,,1
1541,0.794088,,,1
1542,0.809365,,,1
1543,0.104716,,,0
1544,0.64646,,,1
1545,0.740598,,,1
1546,0.766969,,,1
1547,0.692735,,,1
1548,0.732854,,,1
1549,0.830933,,,1
1550,0.274646,,,0
1551,0.930563,,,1
1552,0.905822,,,1
1553,0.738698,,,1
1554,0.85184,,,1
1555,0.866756,,,1
1556,0.847383,,,1
1557,0.5,,,1
1558,0.523385,,,1
1559,0.456431,,,0
1560,0.75274,,,1
1561,0.429079,,,0
1562,0.178213,,,0
1563,0.195208,,,0
1564,0.812034,,,1
1565,0.364788,,,0
1566,0.354649,,,0
1567,0.89948,,,1
1568,0.29002,,,0
1569,0.718463,,,1
1570,0.635026,,,1
1571,0.804576,,,1
1572,0.802404,,,1
1573,0.875305,,,1
1574,0.666558,,,1
1575,0.303982,,,0
1576,0.858559,,,1
1577,0.657753,,,1
1578,0.861213,,,1
1579,0.700161,,,1
1580,0.833724,,,1
1581,0.659587,,,1
1582,0.349452,,,0
1583,0.807764,,,1
1584,0.777604,,,1
1585,0.731018,,,1
1586,0.26307,,,0
1587,0.93036,,,1
1588,0.820989,,,1
1589,0.167938,,,0
1590,0.090595,,,0
1591,0.246374,,,0
1592,0.702351,,,1
1593,0.941594,,,1
1594,0.34071,,,0
1595,0.812063,,,1
1596,0.857675,,,1
1597,0.818571,,,1
1598,0.595326,,,1
1599,0.417856,,,0
1600,0.596582,,,1
1601,0.964026,,,1
1602,0.28325,,,0
1603,0.281931,,,0
1604,0.915687,,,1
1605,0.092713,,,0
1606,0.147864,,,0
1607,0.936419,,,1
1608,0.183616,,,0
1609,0.762648,,,1
1610,0.940267,,,1
1611,0.917896,,,1
1612,0.736536,,,1
1613,0.846318,,,1
1614,0.224148,,,0
1615,0.489904,,,0
1616,0.479927,,,0
1617,0.209679,,,0
1618,0.509119,,,1
1619,0.917686,,,1
1620,0.968821,,,1
1621,0.201128,,,0
1622,0.820688,,,1
1623,0.222299,,,0
1624,0.897108,,,1
1625,0.873313,,,1
1626,0.340926,,,0
1627,0.130853,,,0
1628,0.561332,,,1
1629,0.757177,,,1
1630,0.095779,,,0
1631,0.671238,,,1
1632,0.559825,,,1
1633,0.736027,,,1
1634,0.210319,,,0
1635,0.366321,,,0
1636,0.197076,,,0
1637,0.328733,,,0
1638,0.86626,,,1
1639,0.158395,,,0
1640,0.747403,,,1
1641,0.333728,,,0
1642,0.933713,,,1
1643,0.901426,,,1
1644,0.304074,,,0
1645,0.94279,,,1
1646,0.481104,,,0
1647,0.703254,,,1
1648,0.839933,,,1
1649,0.830978,,,1
1650,0.463049,,,0
1651,0.909632,,,1
1652,0.926867,,,1
1653,0.648463,,,1
1654,0.876206,,,1
1655,0.206141,,,0
1656,0.726259,,,1
1657,0.833998,,,1
1658,0.878151,,,1
1659,0.314552,,,0
1660,0.969191,,,1
1661,0.176868,,,0
1662,0.255158,,,0
1663,0.209046,,,0
1664,0.694927,,,1
1665,0.420556,,,0
1666,0.28397,,,0
1667,0.772993,,,1
1668,0.144368,,,0
1669,0.842606,,,1
1670,0.60437,,,1
1671,0.287999,,,0
1672,0.838241,,,1
1673,0.176773,,,0
1674,0.290347,,,0
1675,0.548369,,,1
1676,0.745764,,,1
1677,0.109253,,,0
1678,0.803093,,,1
1679,0.354629,,,0
1680,0.546284,,,1
1681,0.814145,,,1
1682,0.467699,,,0
1683,0.81988,,,1
1684,0.761225,,,1
1685,0.831013,,,1
1686,0.276566,,,0
1687,0.739083,,,1
1688,0.545453,,,1
1689,0.366581,,,0
1690,0.606137,,,1
1691,0.651944,,,1
1692,0.132306,,,0
1693,0.235023,,,0
1694,0.885958,,,1
1695,0.376993,,,0
1696,0.132772,,,0
1697,0.808651,,,1
1698,0.16002,,,0
1699,0.109018,,,0
1700,0.231148,,,0
1701,0.722136,,,1
1702,0.798433,,,1
1703,0.522173,,,1
1704,0.642469,,,1
1705,0.449275,,,0
1706,0.704337,,,1
1707,0.822948,,,1
1708,0.14887,,,0
1709,0.838976,,,1
1710,0.152239,,,0
1711,0.171543,,,0
1712,0.382005,,,0
1713,0.18596,,,0
1714,0.328502,,,0
1715,0.197258,,,0
1716,0.103157,,,0
1717,0.80003,,,1
1718,0.754269,,,1
1719,0.868725,,,1
1720,0.461323,,,0
1721,0.210993,,,0
1722,0.130605,,,0
1723,0.621336,,,1
1724,0.540793,,,1
1725,0.406116,,,0
1726,0.968709,,,1
1727,0.933225,,,1
1728,0.650444,,,1
1729,0.918614,,,1
1730,0.842778,,,1
1731,0.540858,,,1
1732,0.235091,,,0
1733,0.751978,,,1
1734,0.851614,,,1
1735,0.773296,,,1
1736,0.888374,,,1
1737,0.141591,,,0
1738,0.903833,,,1
1739,0.919821,,,1
1740,0.950339,,,1
1741,0.844554,,,1
1742,0.875866,,,1
1743,0.42037,,,0
1744,0.293766,,,0
1745,0.223558,,,0
1746,0.435568,,,0
1747,0.141001,,,0
1748,0.839654,,,1
1749,0.951231,,,1
1750,0.374453,,,0
1751,0.849071,,,1
1752,0.838829,,,1
1753,0.719158,,,1
1754,0.42253,,,0
1755,0.14789,,,0
1756,0.829035,,,1
1757,0.434722,,,0
1758,0.262394,,,0
1759,0.844219,,,1
1760,0.871622,,,1
1761,0.845434,,,1
1762,0.814156,,,1
1763,0.189889,,,0
1764,0.541396,,,1
1765,0.688457,,,1
1766,0.857513,,,1
1767,0.917983,,,1
1768,0.174888,,,0
1769,0.929856,,,1
1770,0.629952,,,1
1771,0.84835,,,1
1772,0.847619,,,1
1773,0.71157,,,1
1774,0.631893,,,1
1775,0.14884,,,0
1776,0.777494,,,1
1777,0.167257,,,0
1778,0.5,,,1
1779,0.225675,,,0
1780,0.485505,,,0
1781,0.861785,,,1
1782,0.403088,,,0
1783,0.184227,,,0
1784,0.822203,,,1
1785,0.5579,,,1
1786,0.098223,,,0
1787,0.641511,,,1
1788,0.471662,,,0
1789,0.641151,,,1
1790,0.304871,,,0
1791,0.627171,,,1
1792,0.851455,,,1
1793,0.937547,,,1
1794,0.119622,,,0
1795,0.14317,,,0
1796,0.906389,,,1
1797,0.529115,,,1
1798,0.590624,,,1
1799,0.705148,,,1
1800,0.613057,,,1
1801,0.924018,,,1
1802,0.177657,,,0
1803,0.15408,,,0
1804,0.39128,,,0
1805,0.875161,,,1
1806,0.416541,,,0
1807,0.732803,,,1
1808,0.208144,,,0
1809,0.649115,,,1
1810,0.74136,,,1
1811,0.932332,,,1
1812,0.657219,,,1
1813,0.330037,,,0
1814,0.619698,,,1
1815,0.774003,,,1
1816,0.411168,,,0
1817,0.654085,,,1
1818,0.334572,,,0
1819,0.358046,,,0
1820,0.374631,,,0
1821,0.211028,,,0
1822,0.486303,,,0
1823,0.832755,,,1
1824,0.906194,,,1
1825,0.753633,,,1
1826,0.92802,,,1
1827,0.526162,,,1
1828,0.951132,,,1
1829,0.61866,,,1
1830,0.944625,,,1
1831,0.321941,,,0
1832,0.156699,,,0
1833,0.760992,,,1
1834,0.844841,,,1
1835,0.508501,,,1
1836,0.832074,,,1
1837,0.29314,,,0
1838,0.13397,,,0
1839,0.905344,,,1
1840,0.760747,,,1
1841,0.132445,,,0
1842,0.831131,,,1
1843,0.652785,,,1
1844,0.131337,,,0
1845,0.879654,,,1
1846,0.428416,,,0
1847,0.955985,,,1
1848,0.759245,,,1
1849,0.245288,,,0
1850,0.798995,,,1
1851,0.899979,,,1
1852,0.2291,,,0
1853,0.200329,,,0
1854,0.804081,,,1
1855,0.843216,,,1
1856,0.945139,,,1
1857,0.642191,,,1
1858,0.139656,,,0
1859,0.342582,,,0
1860,0.867322,,,1
1861,0.755643,,,1
1862,0.128921,,,0
1863,0.393813,,,0
1864,0.707758,,,1
1865,0.334102,,,0
1866,0.886426,,,1
1867,0.689598,,,1
1868,0.614286,,,1
1869,0.818821,,,1
1870,0.468749,,,0
1871,0.960379,,,1
1872,0.892529,,,1
1873,0.235824,,,0
1874,0.159243,,,0
1875,0.168124,,,0
1876,0.879521,,,1
1877,0.134861,,,0
1878,0.133402,,,0
1879,0.486779,,,0
1880,0.750839,,,1
1881,0.854201,,,1
1882,0.346504,,,0
1883,0.54554,,,1
1884,0.240338,,,0
1885,0.715974,,,1
1886,0.235197,,,0
1887,0.766757,,,1
1888,0.940263,,,1
1889,0.924565,,,1
1890,0.131816,,,0
1891,0.824978,,,1
1892,0.80628,,,1
1893,0.40983,,,0
1894,0.301537,,,0
1895,0.441454,,,0
1896,0.904408,,,1
1897,0.852339,,,1
1898,0.521242,,,1
1899,0.767395,,,1
1900,0.277003,,,0
1901,0.914407,,,1
1902,0.701765,,,1
1903,0.304384,,,0
1904,0.140224,,,0
1905,0.229711,,,0
1906,0.252966,,,0
1907,0.569721,,,1
1908,0.74213,,,1
1909,0.82887,,,1
1910,0.644335,,,1
1911,0.592663,,,1
1912,0.78286,,,1
1913,0.13028,,,0
1914,0.812023,,,1
1915,0.841825,,,1
1916,0.127352,,,0
1917,0.262587,,,0
1918,0.203623,,,0
1919,0.717434,,,1
1920,0.568775,,,1
1921,0.877029,,,1
1922,0.674965,,,1
1923,0.229014,,,0
1924,0.354137,,,0
1925,0.350295,,,0
1926,0.642861,,,1
1927,0.20755,,,0
1928,0.542322,,,1
1929,0.715421,,,1
1930,0.307582,,,0
1931,0.235522,,,0
1932,0.18179,,,0
1933,0.201005,,,0
1934,0.867039,,,1
1935,0.141228,,,0
1936,0.140151,,,0
1937,0.428948,,,0
1938,0.938508,,,1
1939,0.395089,,,0
1940,0.145432,,,0
1941,0.833421,,,1
1942,0.870155,,,1
1943,0.624376,,,1
1944,0.823241,,,1
1945,0.17536,,,0
1946,0.225247,,,0
1947,0.294263,,,0
1948,0.429708,,,0
1949,0.157312,,,0
1950,0.920744,,,1
1951,0.603654,,,1
1952,0.192669,,,0
1953,0.753728,,,1
1954,0.292528,,,0
1955,0.450417,,,0
1956,0.19033,,,0
1957,0.249593,,,0
1958,0.17275,,,0
1959,0.661803,,,1
1960,0.860613,,,1
1961,0.102671,,,0
1962,0.25416,,,0
1963,0.43684,,,0
1964,0.623328,,,1
1965,0.293472,,,0
1966,0.271836,,,0
1967,0.931252,,,1
1968,0.298904,,,0
1969,0.403692,,,0
1970,0.25529,,,0
1971,0.87921,,,1
1972,0.800825,,,1
1973,0.888319,,,1
1974,0.382374,,,0
1975,0.807838,,,1
1976,0.602325,,,1
1977,0.138495,,,0
1978,0.755964,,,1
1979,0.089389,,,0
1980,0.321504,,,0
1981,0.697042,,,1
1982,0.164461,,,0
1983,0.390084,,,0
1984,0.164816,,,0
1985,0.10681,,,0
1986,0.937839,,,1
1987,0.343644,,,0
1988,0.624144,,,1
1989,0.936852,,,1
1990,0.513021,,,1
1991,0.202002,,,0
1992,0.92363,,,1
1993,0.673042,,,1
1994,0.625004,,,1
1995,0.386606,,,0
1996,0.866266,,,1
1997,0.882896,,,1
1998,0.789873,,,1
1999,0.616471,,,1
2000,0.563271,,,1
2001,0.398595,,,0
2002,0.755275,,,1
2003,0.511314,,,1
2004,0.823992,,,1
2005,0.451624,,,0
2006,0.206322,,,0
2007,0.185362,,,0
2008,0.918904,,,1
2009,0.176719,,,0
2010,0.155763,,,0
2011,0.165542,,,0
2012,0.61698,,,1
2013,0.413943,,,0
2014,0.807858,,,1
2015,0.853856,,,1
2016,0.824833,,,1
2017,0.485707,,,0
2018,0.481802,,,0
2019,0.644076,,,1
2020,0.804083,,,1
2021,0.384945,,,0
2022,0.826892,,,1
2023,0.41798,,,0
2024,0.176826,,,0
2025,0.314567,,,0
2026,0.085655,,,0
2027,0.102928,,,0
2028,0.155937,,,0
2029,0.141366,,,0
2030,0.939126,,,1
2031,0.543748,,,1
2032,0.860074,,,1
2033,0.611457,,,1
2034,0.223453,,,0
2035,0.679244,,,1
2036,0.867851,,,1
2037,0.134521,,,0
2038,0.559415,,,1
2039,0.76351,,,1
2040,0.5,,,1
2041,0.367649,,,0
2042,0.231569,,,0
2043,0.400762,,,0
2044,0.471879,,,0
2045,0.220384,,,0
2046,0.697955,,,1
2047,0.901323,,,1
2048,0.904463,,,1
2049,0.048845,,,0
2050,0.093315,,,0
2051,0.196359,,,0
2052,0.962189,,,1
2053,0.890334,,,1
2054,0.557011,,,1
2055,0.830298,,,1
2056,0.647057,,,1
2057,0.887094,,,1
2058,0.872091,,,1
2059,0.834068,,,1
2060,0.310718,,,0
2061,0.432721,,,0
2062,0.956203,,,1
2063,0.572465,,,1
2064,0.252698,,,0
2065,0.075774,,,0
2066,0.865327,,,1
2067,0.419293,,,0
2068,0.387205,,,0
2069,0.838635,,,1
2070,0.796018,,,1
2071,0.431354,,,0
2072,0.645056,,,1
2073,0.699443,,,1
2074,0.754364,,,1
2075,0.349493,,,0
2076,0.771425,,,1
2077,0.190213,,,0
2078,0.825785,,,1
2079,0.865147,,,1
2080,0.881494,,,1
2081,0.823035,,,1
2082,0.414874,,,0
2083,0.85433,,,1
2084,0.887824,,,1
2085,0.162384,,,0
2086,0.291755,,,0
2087,0.146479,,,0
2088,0.764524,,,1
2089,0.796216,,,1
2090,0.102184,,,0
2091,0.176807,,,0
2092,0.753363,,,1
2093,0.33039,,,0
2094,0.218222,,,0
2095,0.860593,,,1
2096,0.5,,,1
2097,0.783457,,,1
2098,0.7071,,,1
2099,0.716382,,,1
2100,0.763608,,,1
2101,0.50548,,,1
2102,0.531171,,,1
2103,0.461141,,,0
2104,0.838538,,,1
2105,0.645556,,,1
2106,0.138261,,,0
2107,0.88347,,,1
2108,0.842841,,,1
2109,0.869891,,,1
2110,0.577041,,,1
2111,0.56294,,,1
2112,0.137185,,,0
2113,0.704274,,,1
2114,0.258491,,,0
2115,0.350614,,,0
2116,0.11863,,,0
2117,0.79216,,,1
2118,0.329367,,,0
2119,0.162383,,,0
2120,0.882029,,,1
2121,0.645249,,,1
2122,0.578752,,,1
2123,0.828174,,,1
2124,0.278769,,,0
2125,0.755708,,,1
2126,0.437245,,,0
2127,0.720296,,,1
2128,0.757298,,,1
2129,0.755527,,,1
2130,0.211535,,,0
2131,0.915759,,,1
2132,0.382459,,,0
2133,0.254711,,,0
2134,0.831176,,,1
2135,0.293578,,,0
2136,0.340822,,,0
2137,0.453183,,,0
2138,0.704828,,,1
2139,0.853536,,,1
2140,0.150508,,,0
2141,0.389117,,,0
2142,0.848829,,,1
2143,0.460469,,,0
2144,0.258047,,,0
2145,0.282176,,,0
2146,0.812419,,,1
2147,0.837738,,,1
2148,0.830754,,,1
2149,0.563472,,,1
2150,0.462553,,,0
2151,0.157669,,,0
2152,0.586724,,,1
2153,0.581099,,,1
2154,0.706066,,,1
2155,0.789236,,,1
2156,0.112131,,,0
2157,0.20258,,,0
2158,0.427502,,,0
2159,0.357834,,,0
2160,0.874136,,,1
2161,0.856965,,,1
2162,0.926793,,,1
2163,0.619737,,,1
2164,0.866635,,,1
2165,0.374257,,,0
2166,0.647238,,,1
2167,0.737144,,,1
2168,0.334247,,,0
2169,0.117667,,,0
2170,0.743433,,,1
2171,0.800232,,,1
2172,0.853637,,,1
2173,0.224966,,,0
2174,0.151724,,,0
2175,0.123083,,,0
2176,0.807996,,,1
2177,0.476786,,,0
2178,0.192175,,,0
2179,0.703936,,,1
2180,0.804292,,,1
2181,0.451092,,,0
2182,0.78283,,,1
2183,0.831748,,,1
2184,0.228067,,,0
2185,0.627967,,,1
2186,0.431009,,,0
2187,0.168653,,,0
2188,0.812463,,,1
2189,0.451839,,,0
2190,0.83768,,,1
2191,0.257228,,,0
2192,0.384687,,,0
2193,0.220096,,,0
2194,0.213006,,,0
2195,0.234765,,,0
2196,0.595485,,,1
2197,0.205523,,,0
2198,0.389908,,,0
2199,0.869815,,,1
2200,0.81937,,,1
2201,0.749788,,,1
2202,0.838029,,,1
2203,0.293589,,,0
2204,0.85437,,,1
2205,0.12906,,,0
2206,0.56673,,,1
2207,0.408306,,,0
2208,0.959469,,,1
2209,0.075592,,,0
2210,0.102384,,,0
2211,0.870454,,,1
2212,0.769151,,,1
2213,0.847323,,,1
2214,0.51924,,,1
2215,0.917596,,,1
2216,0.836444,,,1
2217,0.842434,,,1
2218,0.21877,,,0
2219,0.733338,,,1
2220,0.938096,,,1
2221,0.5,,,1
2222,0.702409,,,1
2223,0.749741,,,1
2224,0.220471,,,0
2225,0.147817,,,0
2226,0.204694,,,0
2227,0.16559,,,0
2228,0.771394,,,1
2229,0.276119,,,0
2230,0.435515,,,0
2231,0.814782,,,1
2232,0.095906,,,0
2233,0.774465,,,1
2234,0.508497,,,1
2235,0.514506,,,1
2236,0.247021,,,0
2237,0.228022,,,0
2238,0.404449,,,0
2239,0.90394,,,1
2240,0.128554,,,0
2241,0.925454,,,1
2242,0.921416,,,1
2243,0.245416,,,0
2244,0.95597,,,1
2245,0.906109,,,1
2246,0.293471,,,0
2247,0.608072,,,1
2248,0.702931,,,1
2249,0.735303,,,1
2250,0.347329,,,0
2251,0.317766,,,0
2252,0.119913,,,0
2253,0.598376,,,1
2254,0.843905,,,1
2255,0.586036,,,1
2256,0.746483,,,1
2257,0.100954,,,0
2258,0.31409,,,0
2259,0.548369,,,1
2260,0.856912,,,1
2261,0.853204,,,1
2262,0.137189,,,0
2263,0.252935,,,0
2264,0.14784,,,0
2265,0.858737,,,1
2266,0.903483,,,1
2267,0.762108,,,1
2268,0.859312,,,1
2269,0.270992,,,0
2270,0.431599,,,0
2271,0.83081,,,1
2272,0.399187,,,0
2273,0.53151,,,1
2274,0.354291,,,0
2275,0.566995,,,1
2276,0.723326,,,1
2277,0.12643,,,0
2278,0.544647,,,1
2279,0.5,,,1
2280,0.14655,,,0
2281,0.422609,,,0
2282,0.203133,,,0
2283,0.412913,,,0
2284,0.189074,,,0
2285,0.189457,,,0
2286,0.332118,,,0
2287,0.132532,,,0
2288,0.762292,,,1
2289,0.911634,,,1
2290,0.793867,,,1
2291,0.712088,,,1
2292,0.236957,,,0
2293,0.844225,,,1
2294,0.595638,,,1
2295,0.775002,,,1
2296,0.346724,,,0
2297,0.395473,,,0
2298,0.785885,,,1
2299,0.345812,,,0
2300,0.9464,,,1
2301,0.205864,,,0
2302,0.882332,,,1
2303,0.819861,,,1
2304,0.539707,,,1
2305,0.71402,,,1
2306,0.854331,,,1
2307,0.330049,,,0
2308,0.493156,,,0
2309,0.775069,,,1
2310,0.90555,,,1
2311,0.188809,,,0
2312,0.689268,,,1
2313,0.831695,,,1
2314,0.740191,,,1
2315,0.491623,,,0
2316,0.433877,,,0
2317,0.092835,,,0
2318,0.868236,,,1
2319,0.761714,,,1
2320,0.355444,,,0
2321,0.552687,,,1
2322,0.621473,,,1
2323,0.342211,,,0
2324,0.897821,,,1
2325,0.120413,,,0
2326,0.641133,,,1
2327,0.799207,,,1
2328,0.887787,,,1
2329,0.158197,,,0
2330,0.398329,,,0
2331,0.211631,,,0
2332,0.159379,,,0
2333,0.345512,,,0
2334,0.647098,,,1
2335,0.393245,,,0
2336,0.939383,,,1
2337,0.205979,,,0
2338,0.492055,,,0
2339,0.18589,,,0
2340,0.866679,,,1
2341,0.742848,,,1
2342,0.920757,,,1
2343,0.884914,,,1
2344,0.630085,,,1
2345,0.841828,,,1
2346,0.442022,,,0
2347,0.609269,,,1
2348,0.532137,,,1
2349,0.343997,,,0
2350,0.245772,,,0
2351,0.857856,,,1
2352,0.180071,,,0
2353,0.374412,,,0
2354,0.583366,,,1
2355,0.452921,,,0
2356,0.180782,,,0
2357,0.853226,,,1
2358,0.183091,,,0
2359,0.932543,,,1
2360,0.674197,,,1
2361,0.333208,,,0
2362,0.399284,,,0
2363,0.876725,,,1
2364,0.169074,,,0
2365,0.287931,,,0
2366,0.940302,,,1
2367,0.886345,,,1
2368,0.652862,,,1
2369,0.802125,,,1
2370,0.536277,,,1
2371,0.487572,,,0
2372,0.871023,,,1
2373,0.161499,,,0
2374,0.5,,,1
2375,0.671081,,,1
2376,0.94801,,,1
2377,0.231048,,,0
2378,0.589449,,,1
2379,0.121827,,,0
2380,0.844938,,,1
2381,0.18974,,,0
2382,0.209335,,,0
2383,0.794574,,,1
2384,0.603047,,,1
2385,0.171523,,,0
2386,0.585035,,,1
2387,0.238146,,,0
2388,0.349498,,,0
2389,0.678144,,,1
2390,0.748385,,,1
2391,0.867853,,,1
2392,0.360891,,,0
2393,0.752506,,,1
2394,0.858637,,,1
2395,0.174109,,,0
2396,0.458473,,,0
2397,0.101032,,,0
2398,0.171452,,,0
2399,0.647074,,,1
2400,0.625219,,,1
2401,0.469062,,,0
2402,0.722983,,,1
2403,0.268081,,,0
2404,0.774041,,,1
2405,0.690172,,,1
2406,0.880411,,,1
2407,0.378228,,,0
2408,0.82394,,,1
2409,0.943732,,,1
2410,0.589495,,,1
2411,0.839874,,,1
2412,0.356238,,,0
2413,0.939599,,,1
2414,0.228804,,,0
2415,0.156126,,,0
2416,0.489368,,,0
2417,0.773324,,,1
2418,0.837363,,,1
2419,0.160945,,,0
2420,0.166052,,,0
2421,0.238279,,,0
2422,0.279432,,,0
2423,0.617921,,,1
2424,0.892253,,,1
2425,0.416487,,,0
2426,0.782759,,,1
2427,0.155337,,,0
2428,0.94081,,,1
2429,0.659448,,,1
2430,0.861784,,,1
2431,0.562378,,,1
2432,0.462793,,,0
2433,0.424383,,,0
2434,0.335909,,,0
2435,0.222349,,,0
2436,0.377411,,,0
2437,0.162191,,,0
2438,0.226123,,,0
2439,0.80699,,,1
2440,0.774866,,,1
2441,0.95042,,,1
2442,0.257508,,,0
2443,0.138195,,,0
2444,0.516726,,,1
2445,0.715844,,,1
2446,0.725088,,,1
2447,0.850947,,,1
2448,0.149977,,,0
2449,0.612638,,,1
2450,0.14643,,,0
2451,0.245841,,,0
2452,0.264878,,,0
2453,0.283181,,,0
2454,0.75768,,,1
2455,0.132587,,,0
2456,0.126183,,,0
2457,0.485186,,,0
2458,0.651331,,,1
2459,0.256334,,,0
2460,0.942129,,,1
2461,0.533727,,,1
2462,0.826284,,,1
2463,0.924142,,,1
2464,0.967026,,,1
2465,0.439128,,,0
2466,0.88299,,,1
2467,0.764837,,,1
2468,0.220979,,,0
2469,0.613221,,,1
2470,0.328387,,,0
2471,0.759332,,,1
2472,0.630254,,,1
2473,0.719635,,,1
2474,0.359879,,,0
2475,0.305913,,,0
2476,0.71334,,,1
2477,0.278274,,,0
2478,0.317169,,,0
2479,0.806241,,,1
2480,0.888138,,,1
2481,0.322848,,,0
2482,0.721661,,,1
2483,0.178714,,,0
2484,0.432659,,,0
2485,0.466543,,,0
2486,0.919105,,,1
2487,0.126956,,,0
2488,0.409547,,,0
2489,0.876345,,,1
2490,0.594109,,,1
2491,0.751822,,,1
2492,0.926397,,,1
2493,0.928339,,,1
2494,0.552638,,,1
2495,0.689315,,,1
2496,0.186232,,,0
2497,0.463033,,,0
2498,0.159634,,,0
2499,0.903084,,,1
2500,0.835431,,,1
2501,0.150256,,,0
